pixel_mean,pixel_std,pixel_min,pixel_max,anomaly_score,img_height,img_width,img_channels,timestamp,score_map_max,score_map_mean,score_map_min,score_map_std,is_anomaly,threshold,dataset_type,batch_idx
0.38121423,1.6052953,-1.6041614,2.64,6.2184405,224,224,3,2026-05-06T04:03:57.569971,5.583225,1.5285273,6.3645695e-07,1.032867,1,13.0,test,0
0.38223818,1.5974025,-1.6041614,2.64,7.3194203,224,224,3,2026-05-06T04:03:57.569971,7.03423,1.3959428,6.3645695e-07,0.89457846,1,13.0,test,0
0.4462871,1.6016098,-1.6041614,2.64,8.457566,224,224,3,2026-05-06T04:03:57.620698,8.292982,1.7032487,6.3645695e-07,0.9951566,1,13.0,test,1
0.4021193,1.6051484,-1.5699118,2.64,6.0276546,224,224,3,2026-05-06T04:03:57.620698,5.629224,1.5637379,6.3645695e-07,0.9590526,1,13.0,test,1
0.39979774,1.6033684,-1.5699118,2.64,9.945103,224,224,3,2026-05-06T04:03:57.673792,9.460395,1.7041823,6.3645695e-07,1.1185324,1,13.0,test,2
0.37110826,1.6140003,-1.6212862,2.64,5.7759156,224,224,3,2026-05-06T04:03:57.673792,5.5357327,1.2070049,6.3645695e-07,0.80702674,1,13.0,test,2
0.42638758,1.6023582,-1.6041614,2.64,4.900096,224,224,3,2026-05-06T04:03:57.727252,4.6692038,1.2869852,6.3645695e-07,0.77655697,1,13.0,test,3
0.41131845,1.5842292,-1.5870366,2.64,6.998652,224,224,3,2026-05-06T04:03:57.727252,6.562469,1.5543478,6.3645695e-07,1.1432577,1,13.0,test,3
0.41055876,1.6091332,-1.6212862,2.64,5.3326783,224,224,3,2026-05-06T04:03:57.781966,5.0806575,1.4079903,6.3645695e-07,0.7830959,1,13.0,test,4
0.44518602,1.5938913,-1.5870366,2.64,6.145933,224,224,3,2026-05-06T04:03:57.781966,5.9135814,1.447281,6.3645695e-07,0.94949174,1,13.0,test,4
0.39563015,1.6120437,-1.6041614,2.64,7.1259165,224,224,3,2026-05-06T04:03:57.838135,6.771144,1.5853865,6.3645695e-07,1.018171,1,13.0,test,5
0.42424613,1.587649,-1.6041614,2.64,5.7742705,224,224,3,2026-05-06T04:03:57.838135,5.313426,1.3918082,6.3645695e-07,0.8245397,1,13.0,test,5
0.41553205,1.6007662,-1.6041614,2.64,7.430146,224,224,3,2026-05-06T04:03:57.894380,7.25457,1.5640957,6.3645695e-07,1.0229799,1,13.0,test,6
0.4217985,1.5910335,-1.5870366,2.64,6.943169,224,224,3,2026-05-06T04:03:57.894380,6.418847,1.3710283,6.3645695e-07,0.83351636,1,13.0,test,6
0.40216988,1.6003752,-1.6041614,2.64,4.7513385,224,224,3,2026-05-06T04:03:57.952735,4.357529,1.2839123,6.3645695e-07,0.7902008,1,13.0,test,7
0.38731512,1.614104,-1.6041614,2.64,6.9633813,224,224,3,2026-05-06T04:03:57.952735,6.0976605,1.4296883,6.3645695e-07,0.9506607,1,13.0,test,7
0.38637593,1.5999067,-1.6041614,2.64,5.931281,224,224,3,2026-05-06T04:03:58.006769,5.703253,1.4684662,6.3645695e-07,0.95676273,1,13.0,test,8
0.3946779,1.5970376,-1.5870366,2.64,9.034591,224,224,3,2026-05-06T04:03:58.006769,8.463724,1.5906299,6.3645695e-07,1.1731203,1,13.0,test,8
0.39686614,1.6061463,-1.6041614,2.64,7.367652,224,224,3,2026-05-06T04:03:58.060114,7.060293,1.3444453,6.3645695e-07,0.8973004,1,13.0,test,9
0.44932067,1.5948738,-1.6041614,2.64,10.58162,224,224,3,2026-05-06T04:03:58.060114,9.488857,1.6203752,6.3645695e-07,1.0202659,1,13.0,test,9
0.39099997,1.6106373,-1.6212862,2.64,5.378486,224,224,3,2026-05-06T04:03:58.114870,5.050852,1.3275557,6.3645695e-07,0.8252227,1,13.0,test,10
0.4152396,1.6045625,-1.6041614,2.64,5.5847073,224,224,3,2026-05-06T04:03:58.114870,5.3823957,1.2278591,6.3645695e-07,0.7859671,1,13.0,test,10
0.36043507,1.6112198,-1.6212862,2.64,6.4582233,224,224,3,2026-05-06T04:03:58.166585,6.1775,1.5514023,6.3645695e-07,1.0661937,1,13.0,test,11
0.43888304,1.5899147,-1.6041614,2.64,7.4130588,224,224,3,2026-05-06T04:03:58.166585,6.824431,1.7339662,6.3645695e-07,1.0421944,1,13.0,test,11
0.40903008,1.5804054,-1.5870366,2.64,7.593059,224,224,3,2026-05-06T04:03:58.220153,7.2682548,1.7300171,6.3645695e-07,1.1911377,1,13.0,test,12
0.37818757,1.6064335,-1.6212862,2.64,6.776921,224,224,3,2026-05-06T04:03:58.220153,6.4084954,1.4123018,6.3645695e-07,0.9594493,1,13.0,test,12
0.37086752,1.6085268,-1.6212862,2.64,4.6055727,224,224,3,2026-05-06T04:03:58.272669,4.383599,1.2979794,6.3645695e-07,0.81773525,1,13.0,test,13
0.36747664,1.6157383,-1.6041614,2.64,6.268708,224,224,3,2026-05-06T04:03:58.272669,5.5921273,1.3539603,6.3645695e-07,0.9306728,1,13.0,test,13
0.3929864,1.5940168,-1.6041614,2.64,6.998349,224,224,3,2026-05-06T04:03:58.326733,6.2334437,1.3997406,6.3645695e-07,0.9001075,1,13.0,test,14
0.3637808,1.6070436,-1.5870366,2.64,6.3003983,224,224,3,2026-05-06T04:03:58.326733,5.743976,1.5577503,6.3645695e-07,1.0384856,1,13.0,test,14
0.4075578,1.6010219,-1.5870366,2.64,6.3920083,224,224,3,2026-05-06T04:03:58.378772,5.9573236,1.3998947,6.3645695e-07,0.91993195,1,13.0,test,15
0.35614887,1.6218419,-1.6041614,2.64,6.396319,224,224,3,2026-05-06T04:03:58.378772,5.9395714,1.3321943,6.3645695e-07,0.8983203,1,13.0,test,15
0.38262266,1.6159022,-1.6041614,2.64,6.3795075,224,224,3,2026-05-06T04:03:58.434028,5.8572264,1.3458349,6.3645695e-07,0.91485816,1,13.0,test,16
0.39575735,1.6075447,-1.6041614,2.64,6.9918203,224,224,3,2026-05-06T04:03:58.434028,6.6157846,1.3155406,6.3645695e-07,0.9135414,1,13.0,test,16
0.4237168,1.6026881,-1.6041614,2.64,6.1377025,224,224,3,2026-05-06T04:03:58.487080,5.7495527,1.4208536,6.3645695e-07,0.869805,1,13.0,test,17
0.43163785,1.6037223,-1.5870366,2.64,5.5766945,224,224,3,2026-05-06T04:03:58.487080,5.3581624,1.3382958,6.3645695e-07,0.8319357,1,13.0,test,17
0.43919954,1.5993288,-1.6041614,2.64,6.8274612,224,224,3,2026-05-06T04:03:58.540128,6.222534,1.5007577,6.3645695e-07,0.9706803,1,13.0,test,18
0.3567352,1.6123761,-1.6041614,2.64,8.494088,224,224,3,2026-05-06T04:03:58.540128,8.114117,1.3425847,6.3645695e-07,0.89002055,1,13.0,test,18
0.36810443,1.6051651,-1.6212862,2.64,7.7922444,224,224,3,2026-05-06T04:03:58.592261,7.2401013,1.3693991,6.3645695e-07,0.8945921,1,13.0,test,19
0.41750404,1.5918368,-1.5870366,2.64,6.557063,224,224,3,2026-05-06T04:03:58.592261,6.342026,1.595982,6.3645695e-07,1.1306273,1,13.0,test,19
0.41527224,1.606985,-1.6212862,2.64,6.2870536,224,224,3,2026-05-06T04:03:58.646528,6.2238193,1.4267111,6.3645695e-07,0.80251867,1,13.0,test,20
0.4195373,1.5989709,-1.5870366,2.64,6.536305,224,224,3,2026-05-06T04:03:58.646528,5.9732676,1.2345954,6.3645695e-07,0.8122452,1,13.0,test,20
0.3902914,1.6105124,-1.6041614,2.64,8.027216,224,224,3,2026-05-06T04:03:58.699566,7.4001904,1.3386956,6.3645695e-07,0.9604095,1,13.0,test,21
0.42332736,1.600578,-1.6041614,2.64,7.708801,224,224,3,2026-05-06T04:03:58.699566,7.2311773,1.4021473,6.3645695e-07,0.8751612,1,13.0,test,21
0.36423612,1.604372,-1.6212862,2.64,6.674326,224,224,3,2026-05-06T04:03:58.752863,6.079248,1.4225485,6.3645695e-07,0.8762473,1,13.0,test,22
0.42163777,1.6087521,-1.6212862,2.64,6.0987296,224,224,3,2026-05-06T04:03:58.752863,5.8308506,1.4075787,6.3645695e-07,0.82247925,1,13.0,test,22
0.4055737,1.6003468,-1.6041614,2.64,7.9137816,224,224,3,2026-05-06T04:03:58.806933,7.4964476,1.8533779,6.3645695e-07,1.1179879,1,13.0,test,23
0.40237117,1.6028492,-1.6041614,2.64,6.8769,224,224,3,2026-05-06T04:03:58.806933,6.491844,1.4549437,6.3645695e-07,0.92776746,1,13.0,test,23
0.38752797,1.6041441,-1.6041614,2.64,6.7842684,224,224,3,2026-05-06T04:03:58.865092,6.297079,1.3057456,6.3645695e-07,0.89847916,1,13.0,test,24
0.38403887,1.5950495,-1.6212862,2.64,8.181615,224,224,3,2026-05-06T04:03:58.865092,7.303367,1.4685222,6.3645695e-07,0.99766797,1,13.0,test,24
0.368745,1.618741,-1.6212862,2.64,7.905336,224,224,3,2026-05-06T04:03:58.918373,7.2334137,1.7542261,6.3645695e-07,1.2807639,1,13.0,test,25
0.36765748,1.6120939,-1.6212862,2.64,6.675684,224,224,3,2026-05-06T04:03:58.918373,6.08963,1.2250415,6.3645695e-07,0.80801773,1,13.0,test,25
0.3795943,1.6049049,-1.6041614,2.64,6.8660364,224,224,3,2026-05-06T04:03:58.972722,6.3234344,1.3073807,6.3645695e-07,0.8681594,1,13.0,test,26
0.36807388,1.619792,-1.6041614,2.64,7.074444,224,224,3,2026-05-06T04:03:58.972722,6.774714,1.575111,6.3645695e-07,1.0955923,1,13.0,test,26
0.4294767,1.57322,-1.5699118,2.64,7.5866933,224,224,3,2026-05-06T04:03:59.029440,7.410937,1.4487234,6.3645695e-07,0.97094136,1,13.0,test,27
0.43566832,1.5975789,-1.6041614,2.64,7.480259,224,224,3,2026-05-06T04:03:59.029440,6.7349834,1.4841963,6.3645695e-07,0.9030358,1,13.0,test,27
0.3919599,1.6076498,-1.6212862,2.64,7.9592714,224,224,3,2026-05-06T04:03:59.085055,7.392561,1.5806533,6.3645695e-07,0.98412526,1,13.0,test,28
0.42279598,1.5891196,-1.5870366,2.64,6.7292285,224,224,3,2026-05-06T04:03:59.085055,6.4372873,1.5006835,6.3645695e-07,0.9096269,1,13.0,test,28
0.39460835,1.5951715,-1.6041614,2.64,5.937103,224,224,3,2026-05-06T04:03:59.145138,5.7551165,1.5029675,6.3645695e-07,0.9945259,1,13.0,test,29
0.38407004,1.6126693,-1.6212862,2.64,5.6947684,224,224,3,2026-05-06T04:03:59.145138,5.193694,1.3668642,6.3645695e-07,0.9467036,1,13.0,test,29
0.3954887,1.6010456,-1.6041614,2.64,5.9494934,224,224,3,2026-05-06T04:03:59.201372,5.556975,1.2818168,6.3645695e-07,0.84104747,1,13.0,test,30
0.39477876,1.6070251,-1.6041614,2.64,6.463946,224,224,3,2026-05-06T04:03:59.201372,6.2927322,1.727917,6.3645695e-07,1.0722774,1,13.0,test,30
0.39870754,1.6072884,-1.6212862,2.64,6.504478,224,224,3,2026-05-06T04:03:59.254896,6.044138,1.302557,6.3645695e-07,0.8145968,1,13.0,test,31
0.38567114,1.6075629,-1.6041614,2.64,6.058334,224,224,3,2026-05-06T04:03:59.254896,5.791709,1.3746876,6.3645695e-07,0.9055049,1,13.0,test,31
0.41677532,1.6037651,-1.6041614,2.64,6.578468,224,224,3,2026-05-06T04:03:59.308892,6.0163918,1.285334,6.3645695e-07,0.834403,1,13.0,test,32
0.37234864,1.6075283,-1.6212862,2.64,7.3115625,224,224,3,2026-05-06T04:03:59.308892,6.689139,1.6518534,6.3645695e-07,1.106721,1,13.0,test,32
0.43218547,1.5894207,-1.6041614,2.64,6.5728736,224,224,3,2026-05-06T04:03:59.364865,5.977238,1.4744495,6.3645695e-07,0.920731,1,13.0,test,33
0.40578383,1.5951344,-1.5870366,2.64,8.718496,224,224,3,2026-05-06T04:03:59.364865,8.338286,1.4301894,6.3645695e-07,1.0243969,1,13.0,test,33
0.38166752,1.5983,-1.6041614,2.64,7.2264686,224,224,3,2026-05-06T04:03:59.420695,6.920231,1.4276593,6.3645695e-07,0.915602,1,13.0,test,34
0.399119,1.6117392,-1.6041614,2.64,6.661142,224,224,3,2026-05-06T04:03:59.420695,6.3688793,1.4083477,6.3645695e-07,0.94614303,1,13.0,test,34
0.39064938,1.6000974,-1.6041614,2.64,6.9111576,224,224,3,2026-05-06T04:03:59.475674,6.535312,1.4639106,6.3645695e-07,0.98930097,1,13.0,test,35
0.392787,1.5988426,-1.5870366,2.64,8.187981,224,224,3,2026-05-06T04:03:59.475674,7.687409,1.38611,6.3645695e-07,0.9054009,1,13.0,test,35
0.41970783,1.5941705,-1.5870366,2.64,7.9589877,224,224,3,2026-05-06T04:03:59.529234,7.625824,1.5136682,6.3645695e-07,1.0182884,1,13.0,test,36
0.41053742,1.5912801,-1.6041614,2.64,8.609844,224,224,3,2026-05-06T04:03:59.529234,7.7340937,1.5205649,6.3645695e-07,1.0647188,1,13.0,test,36
0.40578884,1.5955461,-1.6041614,2.64,6.1186914,224,224,3,2026-05-06T04:03:59.584597,5.801826,1.2886511,6.3645695e-07,0.8049667,1,13.0,test,37
0.37506133,1.6091071,-1.6212862,2.64,5.3282585,224,224,3,2026-05-06T04:03:59.584597,4.825986,1.4061579,6.3645695e-07,0.90394163,1,13.0,test,37
0.36410248,1.6096313,-1.6041614,2.64,7.4798164,224,224,3,2026-05-06T04:03:59.639669,7.020286,1.3920313,6.3645695e-07,0.87616843,1,13.0,test,38
0.4113905,1.5847278,-1.6041614,2.64,5.19966,224,224,3,2026-05-06T04:03:59.639669,5.0022388,1.2595532,6.3645695e-07,0.8003193,1,13.0,test,38
0.40383244,1.5919735,-1.5699118,2.64,4.994068,224,224,3,2026-05-06T04:03:59.694126,4.612242,1.4118562,6.3645695e-07,0.9145491,1,13.0,test,39
0.37253517,1.606968,-1.6041614,2.64,11.304616,224,224,3,2026-05-06T04:03:59.694126,10.543763,1.37482,6.3645695e-07,0.97609055,1,13.0,test,39
0.39694914,1.5901128,-1.6041614,2.64,5.640068,224,224,3,2026-05-06T04:03:59.747992,5.407698,1.3954518,6.3645695e-07,0.9381065,1,13.0,test,40
0.38311496,1.6058704,-1.6041614,2.64,4.72263,224,224,3,2026-05-06T04:03:59.747992,4.5003104,1.3914846,6.3645695e-07,0.8386548,1,13.0,test,40
0.38825506,1.610174,-1.6212862,2.64,5.368691,224,224,3,2026-05-06T04:03:59.802008,5.191766,1.366337,6.3645695e-07,0.89375573,1,13.0,test,41
0.40522474,1.5959584,-1.6041614,2.64,5.2824006,224,224,3,2026-05-06T04:03:59.802008,4.873685,1.2971284,6.3645695e-07,0.8464681,1,13.0,test,41
0.3946848,1.6068218,-1.6041614,2.64,8.554784,224,224,3,2026-05-06T04:03:59.857073,7.704077,1.4884028,6.3645695e-07,1.0242083,1,13.0,test,42
0.38996443,1.5968301,-1.5870366,2.64,5.400943,224,224,3,2026-05-06T04:03:59.857073,5.0991087,1.3896917,6.3645695e-07,0.8898954,1,13.0,test,42
0.398,1.5950224,-1.5870366,2.64,7.4594855,224,224,3,2026-05-06T04:03:59.913735,7.210782,1.439112,6.3645695e-07,1.0923709,1,13.0,test,43
0.3475627,1.6247005,-1.6212862,2.64,7.050393,224,224,3,2026-05-06T04:03:59.913735,6.6750546,1.6150804,6.3645695e-07,1.0682464,1,13.0,test,43
0.37040317,1.6149037,-1.6041614,2.64,5.2171574,224,224,3,2026-05-06T04:03:59.966756,4.849761,1.3359659,6.3645695e-07,0.8908247,1,13.0,test,44
0.3900539,1.5957072,-1.6041614,2.64,6.7963486,224,224,3,2026-05-06T04:03:59.966756,6.15636,1.5345805,6.3645695e-07,1.0663154,1,13.0,test,44
0.3731444,1.6190225,-1.6041614,2.64,8.0552225,224,224,3,2026-05-06T04:04:00.020613,7.6704836,1.5174272,6.3645695e-07,1.0276552,1,13.0,test,45
0.405808,1.5924315,-1.6041614,2.64,5.225698,224,224,3,2026-05-06T04:04:00.020613,4.890866,1.3375629,6.3645695e-07,0.8355508,1,13.0,test,45
0.35018268,1.6268373,-1.6041614,2.64,5.9882646,224,224,3,2026-05-06T04:04:00.076170,5.718583,1.3092576,6.3645695e-07,0.8713855,1,13.0,test,46
0.38330752,1.603043,-1.6041614,2.64,4.3433695,224,224,3,2026-05-06T04:04:00.076170,4.1804376,1.278184,6.3645695e-07,0.8031953,1,13.0,test,46
0.44307294,1.5956559,-1.5870366,2.64,5.6104026,224,224,3,2026-05-06T04:04:00.129219,5.553323,1.5904293,6.3645695e-07,1.0104092,1,13.0,test,47
0.41031858,1.5957656,-1.6041614,2.64,7.7820516,224,224,3,2026-05-06T04:04:00.129219,7.383076,1.2851453,6.3645695e-07,0.8689542,1,13.0,test,47
0.41954333,1.6020936,-1.6041614,2.64,8.686957,224,224,3,2026-05-06T04:04:00.182334,8.081443,1.3010945,6.3645695e-07,0.8455699,1,13.0,test,48
0.36032915,1.6234859,-1.6212862,2.64,5.8963885,224,224,3,2026-05-06T04:04:00.182334,5.623955,1.4625514,6.3645695e-07,0.94119036,1,13.0,test,48
0.36102527,1.6191461,-1.6041614,2.64,6.702042,224,224,3,2026-05-06T04:04:00.235834,6.3554525,1.5530086,6.3645695e-07,1.0835267,1,13.0,test,49
0.39765552,1.5921974,-1.5870366,2.64,6.390222,224,224,3,2026-05-06T04:04:00.235834,6.109231,1.5675694,6.3645695e-07,1.0237539,1,13.0,test,49
0.3959207,1.5971137,-1.5870366,2.64,8.30757,224,224,3,2026-05-06T04:04:00.291283,7.7924614,1.5189751,6.3645695e-07,0.93146974,1,13.0,test,50
0.38174608,1.6108433,-1.6041614,2.64,9.243026,224,224,3,2026-05-06T04:04:00.291283,8.509186,1.5982169,6.3645695e-07,1.1024486,1,13.0,test,50
0.3830493,1.605061,-1.6041614,2.64,7.636966,224,224,3,2026-05-06T04:04:00.345187,7.1242266,1.2663462,6.3645695e-07,0.902128,1,13.0,test,51
0.43406326,1.5864336,-1.6041614,2.64,9.437292,224,224,3,2026-05-06T04:04:00.345187,8.5654545,1.7663252,6.3645695e-07,1.0701945,1,13.0,test,51
0.38093033,1.6091502,-1.6041614,2.64,6.4892874,224,224,3,2026-05-06T04:04:00.400306,5.8394103,1.3327478,6.3645695e-07,0.877599,1,13.0,test,52
0.42118955,1.590982,-1.6041614,2.64,5.7919865,224,224,3,2026-05-06T04:04:00.400306,5.262167,1.7249131,6.3645695e-07,1.0209585,1,13.0,test,52
0.3834025,1.6174268,-1.6212862,2.64,5.789575,224,224,3,2026-05-06T04:04:00.453821,5.2608023,1.3507859,6.3645695e-07,0.89905757,1,13.0,test,53
0.4111652,1.6076179,-1.6212862,2.64,7.6858177,224,224,3,2026-05-06T04:04:00.453821,7.569791,1.4810104,6.3645695e-07,0.86181843,1,13.0,test,53
0.40504655,1.5985242,-1.6041614,2.64,7.8759713,224,224,3,2026-05-06T04:04:00.509770,7.2407017,1.5939897,6.3645695e-07,1.0683362,1,13.0,test,54
0.36954287,1.6023067,-1.6041614,2.64,8.893316,224,224,3,2026-05-06T04:04:00.509770,8.362015,1.3817815,6.3645695e-07,0.93542665,1,13.0,test,54
0.3909785,1.603428,-1.6041614,2.64,6.620368,224,224,3,2026-05-06T04:04:00.563032,6.179509,1.4418799,6.3645695e-07,0.9151457,1,13.0,test,55
0.432014,1.5885429,-1.5870366,2.64,6.66259,224,224,3,2026-05-06T04:04:00.563032,6.03861,1.4138784,6.3645695e-07,0.9209961,1,13.0,test,55
0.42152724,1.606407,-1.6041614,2.64,6.4707594,224,224,3,2026-05-06T04:04:00.617157,6.008548,1.4224193,6.3645695e-07,0.8885209,1,13.0,test,56
0.36469105,1.6146762,-1.6212862,2.64,6.2871537,224,224,3,2026-05-06T04:04:00.617157,5.991111,1.3048384,6.3645695e-07,0.855436,1,13.0,test,56
0.35490713,1.6137023,-1.6041614,2.64,5.722139,224,224,3,2026-05-06T04:04:00.670512,5.406135,1.3120697,6.3645695e-07,0.8217995,1,13.0,test,57
0.4504727,1.5919428,-1.5870366,2.64,6.305021,224,224,3,2026-05-06T04:04:00.670512,5.8513,1.7012005,6.3645695e-07,0.95905966,1,13.0,test,57
0.37978807,1.6166227,-1.6212862,2.64,7.373323,224,224,3,2026-05-06T04:04:00.724163,6.9640255,2.022823,6.3645695e-07,1.1957283,1,13.0,test,58
0.3738644,1.6070743,-1.6041614,2.64,5.878578,224,224,3,2026-05-06T04:04:00.724163,5.578899,1.3575748,6.3645695e-07,0.95075417,1,13.0,test,58
0.43535265,1.5988456,-1.6041614,2.64,5.874656,224,224,3,2026-05-06T04:04:00.776380,5.098138,1.6735905,6.3645695e-07,0.90749985,1,13.0,test,59
0.4012019,1.598632,-1.5870366,2.64,6.5637174,224,224,3,2026-05-06T04:04:00.776380,6.0829473,1.395672,6.3645695e-07,0.97264284,1,13.0,test,59
0.39022997,1.607762,-1.6041614,2.64,6.0303245,224,224,3,2026-05-06T04:04:00.835597,5.5626526,1.392313,6.3645695e-07,0.95867056,1,13.0,test,60
0.3939989,1.6107292,-1.6041614,2.64,7.2543755,224,224,3,2026-05-06T04:04:00.835597,6.8797007,1.2981228,6.3645695e-07,0.9024314,1,13.0,test,60
0.41779333,1.6104258,-1.6041614,2.64,6.1043963,224,224,3,2026-05-06T04:04:00.891303,5.690507,1.3616438,6.3645695e-07,0.78438306,1,13.0,test,61
0.41106647,1.5979207,-1.6041614,2.64,9.183232,224,224,3,2026-05-06T04:04:00.891303,8.47974,1.4808832,6.3645695e-07,0.86611795,1,13.0,test,61
0.3865012,1.5955505,-1.6041614,2.64,9.22577,224,224,3,2026-05-06T04:04:00.944858,8.853743,1.3584929,6.3645695e-07,0.90646046,1,13.0,test,62
0.3949548,1.5987698,-1.6041614,2.64,5.61334,224,224,3,2026-05-06T04:04:00.944858,5.4652877,1.3422909,6.3645695e-07,0.810293,1,13.0,test,62
0.40104628,1.6067419,-1.6041614,2.64,9.206769,224,224,3,2026-05-06T04:04:00.998328,8.967701,1.5063078,6.3645695e-07,0.9068729,1,13.0,test,63
0.4158913,1.6039435,-1.6041614,2.64,6.7040343,224,224,3,2026-05-06T04:04:00.998328,6.547013,1.4735153,6.3645695e-07,0.9893421,1,13.0,test,63
0.3706733,1.612081,-1.6041614,2.64,6.7657185,224,224,3,2026-05-06T04:04:01.053055,5.9613566,1.3729582,6.3645695e-07,0.93976927,1,13.0,test,64
0.42156598,1.5921072,-1.6041614,2.64,7.3995295,224,224,3,2026-05-06T04:04:01.053055,6.677392,1.6908652,6.3645695e-07,1.0486249,1,13.0,test,64
0.38452882,1.6036787,-1.6041614,2.64,6.722735,224,224,3,2026-05-06T04:04:01.106413,6.172135,1.4058841,6.3645695e-07,0.9795694,1,13.0,test,65
0.3886244,1.6071995,-1.6041614,2.64,7.219867,224,224,3,2026-05-06T04:04:01.106413,6.886658,1.3969184,6.3645695e-07,0.9452361,1,13.0,test,65
0.44227377,1.5889608,-1.6041614,2.64,6.6078115,224,224,3,2026-05-06T04:04:01.161190,6.028251,1.698826,6.3645695e-07,1.0510504,1,13.0,test,66
0.35589984,1.6124136,-1.6212862,2.64,6.087853,224,224,3,2026-05-06T04:04:01.161190,5.3442154,1.4888663,7.746399e-07,0.9415509,1,13.0,test,66
0.38345957,1.6138473,-1.6212862,2.64,8.00452,224,224,3,2026-05-06T04:04:01.213985,7.2953124,1.9807616,6.3645695e-07,1.2171576,1,13.0,test,67
0.42005792,1.6073455,-1.6212862,2.64,9.169455,224,224,3,2026-05-06T04:04:01.213985,8.219479,1.8313781,6.3645695e-07,1.0436324,1,13.0,test,67
0.41840175,1.6007632,-1.5870366,2.64,6.6966944,224,224,3,2026-05-06T04:04:01.267605,6.340154,1.3855693,6.3645695e-07,0.8540685,1,13.0,test,68
0.3757692,1.6078645,-1.6212862,2.64,7.298924,224,224,3,2026-05-06T04:04:01.267605,6.982617,1.3113409,6.3645695e-07,0.90150464,1,13.0,test,68
0.38697326,1.6015563,-1.6041614,2.64,6.3652577,224,224,3,2026-05-06T04:04:01.320737,6.110407,1.4043245,6.3645695e-07,0.9351923,1,13.0,test,69
0.37507355,1.6149149,-1.6041614,2.64,7.915109,224,224,3,2026-05-06T04:04:01.320737,7.0430164,1.7230899,6.3645695e-07,1.0958604,1,13.0,test,69
0.38923457,1.5990769,-1.5870366,2.64,8.3414,224,224,3,2026-05-06T04:04:01.375710,7.513637,1.4580941,6.3645695e-07,0.9209754,1,13.0,test,70
0.39251465,1.6073445,-1.6041614,2.64,7.6430473,224,224,3,2026-05-06T04:04:01.375710,6.799134,1.6126604,6.3645695e-07,1.0088984,1,13.0,test,70
0.40963453,1.5948873,-1.5870366,2.64,6.5095096,224,224,3,2026-05-06T04:04:01.428565,6.1291947,1.5227247,6.3645695e-07,1.0239718,1,13.0,test,71
0.3733967,1.6108238,-1.6041614,2.64,5.5365663,224,224,3,2026-05-06T04:04:01.428565,5.0359116,1.3666763,6.3645695e-07,0.9184638,1,13.0,test,71
0.39012375,1.6105101,-1.6041614,2.64,7.1111836,224,224,3,2026-05-06T04:04:01.485582,6.8222194,1.3998986,6.3645695e-07,0.996173,1,13.0,test,72
0.41813204,1.5847554,-1.6041614,2.64,6.7754197,224,224,3,2026-05-06T04:04:01.485582,6.253699,1.4530787,6.3645695e-07,0.9624088,1,13.0,test,72
0.42638975,1.5953006,-1.6041614,2.64,7.730675,224,224,3,2026-05-06T04:04:01.541688,7.2054625,1.4671886,6.3645695e-07,0.9849131,1,13.0,test,73
0.38778582,1.5971978,-1.6041614,2.64,7.020492,224,224,3,2026-05-06T04:04:01.541688,6.64259,1.517133,6.3645695e-07,1.0423298,1,13.0,test,73
0.42615107,1.601375,-1.6041614,2.64,6.33002,224,224,3,2026-05-06T04:04:01.596813,6.212179,1.4332423,6.3645695e-07,0.8352221,1,13.0,test,74
0.39898443,1.6077896,-1.6212862,2.64,8.274906,224,224,3,2026-05-06T04:04:01.596813,7.352463,1.5615027,6.3645695e-07,1.0298551,1,13.0,test,74
0.36009207,1.6059886,-1.6212862,2.64,5.945839,224,224,3,2026-05-06T04:04:01.651996,5.5620236,1.4493532,6.3645695e-07,0.93751,1,13.0,test,75
0.35290447,1.6118876,-1.6041614,2.64,6.9596357,224,224,3,2026-05-06T04:04:01.651996,6.20765,1.4679196,6.3645695e-07,0.97250646,1,13.0,test,75
0.42892238,1.5860845,-1.5870366,2.64,7.1436973,224,224,3,2026-05-06T04:04:01.705059,6.766763,1.5481089,6.3645695e-07,1.057014,1,13.0,test,76
0.45004985,1.5775399,-1.5870366,2.64,6.958548,224,224,3,2026-05-06T04:04:01.705059,6.51408,2.1014469,6.3645695e-07,1.1900196,1,13.0,test,76
0.37023374,1.6008489,-1.6041614,2.64,7.9601674,224,224,3,2026-05-06T04:04:01.757448,7.8286743,1.6257097,6.3645695e-07,1.0324109,1,13.0,test,77
0.43225804,1.6028402,-1.6041614,2.64,5.799188,224,224,3,2026-05-06T04:04:01.757448,5.7390785,1.673349,6.3645695e-07,0.9624834,1,13.0,test,77
0.3737518,1.6072887,-1.6041614,2.64,5.9579234,224,224,3,2026-05-06T04:04:01.810656,5.4251404,1.2106917,6.3645695e-07,0.76765203,1,13.0,test,78
0.4287204,1.5982126,-1.6041614,2.64,7.1119637,224,224,3,2026-05-06T04:04:01.810656,6.4853177,1.5463324,6.3645695e-07,0.8953119,1,13.0,test,78
0.38884225,1.6001792,-1.6041614,2.64,5.7454767,224,224,3,2026-05-06T04:04:01.865071,5.299047,1.334964,6.3645695e-07,0.90257555,1,13.0,test,79
0.3737819,1.607955,-1.6212862,2.64,8.234415,224,224,3,2026-05-06T04:04:01.865071,7.690515,1.3164047,6.3645695e-07,0.85669553,1,13.0,test,79
0.37535277,1.6088275,-1.6041614,2.64,6.2513294,224,224,3,2026-05-06T04:04:01.917449,5.910306,1.4136211,6.3645695e-07,0.9540375,1,13.0,test,80
0.38622236,1.6003568,-1.5870366,2.64,6.471369,224,224,3,2026-05-06T04:04:01.917449,6.1348047,1.3965942,6.3645695e-07,0.8855389,1,13.0,test,80
0.38985646,1.5981972,-1.6041614,2.64,7.030461,224,224,3,2026-05-06T04:04:01.971330,6.514964,1.4900866,6.3645695e-07,1.01187,1,13.0,test,81
0.38981116,1.6044946,-1.6041614,2.64,6.9701285,224,224,3,2026-05-06T04:04:01.971330,6.5552497,1.4394873,6.3645695e-07,1.0060542,1,13.0,test,81
0.4014414,1.5970379,-1.5870366,2.64,7.4302278,224,224,3,2026-05-06T04:04:02.024113,7.0547986,1.3771025,6.3645695e-07,0.94705635,1,13.0,test,82
0.3786628,1.6105769,-1.6212862,2.64,7.835578,224,224,3,2026-05-06T04:04:02.024113,7.2807055,1.3429433,6.3645695e-07,0.90569127,1,13.0,test,82
0.38115585,1.6013461,-1.6041614,2.64,5.708462,224,224,3,2026-05-06T04:04:02.076717,5.3378015,1.2898713,6.3645695e-07,0.84615433,1,13.0,test,83
0.37266538,1.6031992,-1.6041614,2.64,5.9652276,224,224,3,2026-05-06T04:04:02.076717,5.7650213,1.3331817,6.3645695e-07,0.8413431,1,13.0,test,83
0.3935351,1.6068983,-1.6041614,2.64,5.223333,224,224,3,2026-05-06T04:04:02.134332,5.0573235,1.2000301,6.3645695e-07,0.7857524,1,13.0,test,84
0.3921781,1.5916052,-1.6041614,2.64,8.932115,224,224,3,2026-05-06T04:04:02.134332,8.105796,1.487377,6.3645695e-07,1.0599431,1,13.0,test,84
0.4172585,1.6057637,-1.6041614,2.64,7.0696335,224,224,3,2026-05-06T04:04:02.187668,6.7325773,1.3231832,6.3645695e-07,0.84947217,1,13.0,test,85
0.3748115,1.6065543,-1.6041614,2.64,6.159921,224,224,3,2026-05-06T04:04:02.187668,5.343474,1.338882,6.3645695e-07,0.87400395,1,13.0,test,85
0.3844441,1.611819,-1.6041614,2.64,7.3164153,224,224,3,2026-05-06T04:04:02.241251,6.577435,1.3646992,6.3645695e-07,0.90850294,1,13.0,test,86
0.37444445,1.6009722,-1.6041614,2.64,6.2541184,224,224,3,2026-05-06T04:04:02.241251,5.6407523,1.3736973,6.3645695e-07,0.90644896,1,13.0,test,86
0.3792812,1.6010909,-1.6212862,2.64,6.3601236,224,224,3,2026-05-06T04:04:02.295578,5.7665935,1.3785447,6.3645695e-07,0.91258323,1,13.0,test,87
0.42945024,1.5984563,-1.6041614,2.64,7.211743,224,224,3,2026-05-06T04:04:02.295578,6.812298,1.6748118,6.3645695e-07,0.9440908,1,13.0,test,87
0.43872112,1.5879489,-1.6041614,2.64,7.8416452,224,224,3,2026-05-06T04:04:02.349397,7.7862344,1.5790743,6.3645695e-07,0.92098767,1,13.0,test,88
0.34675327,1.6248534,-1.6212862,2.64,6.617385,224,224,3,2026-05-06T04:04:02.349397,6.391928,1.3248851,6.3645695e-07,0.90366226,1,13.0,test,88
0.35910693,1.6120362,-1.6212862,2.64,7.818539,224,224,3,2026-05-06T04:04:02.403555,7.052756,1.3743415,6.3645695e-07,0.86710066,1,13.0,test,89
0.38834593,1.6095138,-1.6212862,2.64,5.4631915,224,224,3,2026-05-06T04:04:02.403555,4.8923554,1.3042147,6.3645695e-07,0.8899205,1,13.0,test,89
0.37744415,1.6058806,-1.6041614,2.64,7.4881935,224,224,3,2026-05-06T04:04:02.456702,7.0096207,1.4223629,6.3645695e-07,0.9744924,1,13.0,test,90
0.4187661,1.601644,-1.6041614,2.64,8.049221,224,224,3,2026-05-06T04:04:02.456702,7.723209,1.3008696,6.3645695e-07,0.87917215,1,13.0,test,90
0.4198136,1.5947526,-1.6041614,2.64,7.431372,224,224,3,2026-05-06T04:04:02.510778,7.1770616,1.4445789,6.3645695e-07,0.9188618,1,13.0,test,91
0.36872393,1.6198703,-1.6041614,2.64,6.594201,224,224,3,2026-05-06T04:04:02.510778,6.413395,1.3270615,6.3645695e-07,0.9015454,1,13.0,test,91
0.3999575,1.5982051,-1.6041614,2.64,6.012509,224,224,3,2026-05-06T04:04:02.564255,5.9803615,1.3910198,6.3645695e-07,0.8947273,1,13.0,test,92
0.39724603,1.6000743,-1.6041614,2.64,5.0885763,224,224,3,2026-05-06T04:04:02.564255,4.914214,1.3343647,6.3645695e-07,0.84977365,1,13.0,test,92
0.40198714,1.5990576,-1.6041614,2.64,6.4729652,224,224,3,2026-05-06T04:04:02.617871,5.9456778,1.3064274,6.3645695e-07,0.8602851,1,13.0,test,93
0.38654476,1.6100338,-1.6041614,2.64,6.304049,224,224,3,2026-05-06T04:04:02.617871,5.717895,1.2481065,6.3645695e-07,0.8167324,1,13.0,test,93
0.38665926,1.6033176,-1.6041614,2.64,7.1822686,224,224,3,2026-05-06T04:04:02.673484,6.9491034,1.3485215,6.3645695e-07,0.9168689,1,13.0,test,94
0.38218096,1.5989459,-1.6041614,2.64,8.182142,224,224,3,2026-05-06T04:04:02.673484,8.101842,1.3986382,6.3645695e-07,0.97116673,1,13.0,test,94
0.4333035,1.6021105,-1.6041614,2.64,7.2408657,224,224,3,2026-05-06T04:04:02.727871,6.847119,1.5444317,6.3645695e-07,0.95259666,1,13.0,test,95
0.3925082,1.5903103,-1.5870366,2.64,7.614083,224,224,3,2026-05-06T04:04:02.727871,6.7896852,1.5063707,6.3645695e-07,1.0021721,1,13.0,test,95
0.4003584,1.5997913,-1.6041614,2.64,5.8298626,224,224,3,2026-05-06T04:04:02.780951,5.355458,1.3545171,6.3645695e-07,0.88503563,1,13.0,test,96
0.38313103,1.6013101,-1.6212862,2.64,6.8308787,224,224,3,2026-05-06T04:04:02.780951,6.549498,1.3756384,6.3645695e-07,0.8982828,1,13.0,test,96
0.42376533,1.6006194,-1.6041614,2.64,6.359281,224,224,3,2026-05-06T04:04:02.834123,6.1825013,1.2729145,6.3645695e-07,0.8189844,1,13.0,test,97
0.38301414,1.5980593,-1.5699118,2.64,6.544437,224,224,3,2026-05-06T04:04:02.834123,6.1259646,1.5847485,6.3645695e-07,1.0302767,1,13.0,test,97
0.3895464,1.6140997,-1.6212862,2.64,7.5082436,224,224,3,2026-05-06T04:04:02.889059,6.704065,1.8703609,6.3645695e-07,1.1330354,1,13.0,test,98
0.3995156,1.5991365,-1.6041614,2.64,6.297771,224,224,3,2026-05-06T04:04:02.889059,6.0915008,1.4465073,6.3645695e-07,0.97078544,1,13.0,test,98
0.3915065,1.5944382,-1.6041614,2.64,6.48098,224,224,3,2026-05-06T04:04:02.941186,6.0797305,1.3838296,6.3645695e-07,0.9377795,1,13.0,test,99
0.4062515,1.5959617,-1.6212862,2.64,8.076104,224,224,3,2026-05-06T04:04:02.941186,7.261945,1.2836081,6.3645695e-07,0.8475367,1,13.0,test,99
0.41279233,1.5984839,-1.5870366,2.64,5.4405727,224,224,3,2026-05-06T04:04:02.993096,4.977386,1.3380367,6.3645695e-07,0.86563426,1,13.0,test,100
0.41587868,1.5999103,-1.6041614,2.64,8.780103,224,224,3,2026-05-06T04:04:02.993096,8.0755825,1.8786509,6.3645695e-07,1.1447387,1,13.0,test,100
0.40879455,1.5986001,-1.6041614,2.64,6.3547215,224,224,3,2026-05-06T04:04:03.045788,6.029725,1.4095938,6.3645695e-07,0.9252402,1,13.0,test,101
0.38558856,1.6049635,-1.6041614,2.64,7.624687,224,224,3,2026-05-06T04:04:03.045788,7.0640154,1.4023436,6.3645695e-07,0.96125656,1,13.0,test,101
0.41583148,1.595875,-1.5870366,2.64,7.0406857,224,224,3,2026-05-06T04:04:03.097578,6.657442,1.3780707,6.3645695e-07,0.9247711,1,13.0,test,102
0.38318706,1.6058692,-1.6041614,2.64,7.728712,224,224,3,2026-05-06T04:04:03.097578,7.305089,1.4618245,6.3645695e-07,1.0011216,1,13.0,test,102
0.40645608,1.6055168,-1.6041614,2.64,9.196264,224,224,3,2026-05-06T04:04:03.150098,8.299858,1.4132948,6.3645695e-07,0.92013544,1,13.0,test,103
0.41520992,1.6065855,-1.6041614,2.64,8.762377,224,224,3,2026-05-06T04:04:03.150098,8.707842,1.4361291,6.3645695e-07,0.9485223,1,13.0,test,103
0.35169148,1.6221466,-1.6212862,2.64,6.3180704,224,224,3,2026-05-06T04:04:03.177058,5.568619,1.5486628,6.3645695e-07,1.0205237,1,13.0,test,104
